"","Area.Name","Area.ID","Park.Name","Park.ID","Squirrel.ID","Primary.Fur.Color","Highlights.in.Fur.Color","Color.Notes","Location","Above.Ground..Height.in.Feet.","Specific.Location","Activities","Interactions.with.Humans","Other.Notes.or.Observations","Squirrel.Latitude..DD.DDDDDD.","Squirrel.Longitude...DD.DDDDDD.","above_ground","eat_forag","busy_park"
"1","UPPER MANHATTAN","A","Fort Tryon Park",1,"A-01-01","Gray","White","","Ground Plane","","","Foraging","Indifferent","",40.85941,-73.933936,0,1,1
"2","UPPER MANHATTAN","A","Fort Tryon Park",1,"A-01-02","Gray","White","","Ground Plane","","","Foraging","Indifferent","Looks skinny",40.859436,-73.933937,0,1,1
"3","UPPER MANHATTAN","A","Fort Tryon Park",1,"A-01-03","Gray","White","","Ground Plane","","","Eating, Digging something","Indifferent","",40.859416,-73.933894,0,1,1
"4","UPPER MANHATTAN","A","Fort Tryon Park",1,"A-01-04","Gray","White","","Ground Plane","","","Running","Indifferent","",40.859418,-73.933895,0,0,1
"5","UPPER MANHATTAN","A","Fort Tryon Park",1,"A-01-05","Gray","Cinnamon","","Ground Plane","","","Running, Eating","Indifferent","She left food",40.859493,-73.93359,0,1,1
"6","UPPER MANHATTAN","A","Fort Tryon Park",1,"A-01-06","Gray","Cinnamon","","Ground Plane","","","Climbing","Indifferent","",40.860825,-73.932871,0,0,1
"7","UPPER MANHATTAN","A","Fort Tryon Park",1,"A-01-07","Gray","White","","Ground Plane","","","Foraging","Indifferent","",40.860225,-73.933143,0,1,1
"8","UPPER MANHATTAN","A","Fort Tryon Park",1,"A-01-08","Black","Gray","","Above Ground","10","","Climbing","Runs From","",40.859965,-73.933412,1,0,1
"9","UPPER MANHATTAN","A","Fort Tryon Park",1,"A-01-09","Gray","White","","Ground Plane","","","Foraging","Indifferent","",40.859892,-73.933326,0,1,1
"10","UPPER MANHATTAN","A","Fort Tryon Park",1,"A-01-10","Gray","White","","Ground Plane","","","Eating, Digging","Indifferent","",40.859636,-73.933717,0,1,1
"11","UPPER MANHATTAN","A","Fort Tryon Park",1,"A-01-11","Gray","Black","","Ground Plane","","","Eating, Digging","Indifferent","was intimidated by a dog",40.859576,-73.933738,0,1,1
"12","UPPER MANHATTAN","A","Fort Tryon Park",1,"A-01-12","Gray","White","","Ground Plane","","","Running","Runs From","",40.859989,-73.934544,0,0,1
"13","UPPER MANHATTAN","A","J. Hood Wright Park",2,"A-02-01","Gray","Gray","","Ground Plane","","","Running","Indifferent","",40.845749,-73.9407,0,0,0
"14","UPPER MANHATTAN","A","J. Hood Wright Park",2,"A-02-02","Gray","Cinnamon","","Above Ground","2","","Foraging","Indifferent","",40.845875,-73.940808,1,1,0
"15","UPPER MANHATTAN","A","J. Hood Wright Park",2,"A-02-03","Gray","Cinnamon","","Ground Plane","","","Foraging","","",40.845875,-73.940808,0,1,0
"16","UPPER MANHATTAN","A","J. Hood Wright Park",2,"A-02-04","Gray","Cinnamon","","Ground Plane","","","Running","Indifferent","",40.846088,-73.940613,0,0,0
"17","UPPER MANHATTAN","A","J. Hood Wright Park",2,"A-02-05","Gray","Cinnamon","","Ground Plane","","","Running","Runs From","",40.846088,-73.940613,0,0,0
"18","UPPER MANHATTAN","A","J. Hood Wright Park",2,"A-02-06","Gray","Cinnamon","","Ground Plane","","","Foraging","Indifferent","",40.846088,-73.940613,0,1,0
"19","UPPER MANHATTAN","A","J. Hood Wright Park",2,"A-02-07","Gray","Gray","","Ground Plane","","","","Runs From","",40.846222,-73.94094,0,0,0
"20","UPPER MANHATTAN","A","J. Hood Wright Park",2,"A-02-08","Gray","Cinnamon","","Ground Plane","","","Foraging, Nesting/gathering leaves","Indifferent","",40.846222,-73.94094,0,1,0
"21","UPPER MANHATTAN","A","J. Hood Wright Park",2,"A-02-09","Gray","Cinnamon","","Ground Plane","","","Chasing","Indifferent","",40.846197,-73.941026,0,0,0
"22","UPPER MANHATTAN","A","J. Hood Wright Park",2,"A-02-10","Gray","Cinnamon","","Ground Plane","","","Running","Indifferent","",40.846185,-73.940613,0,0,0
"23","UPPER MANHATTAN","A","J. Hood Wright Park",2,"A-02-11","Gray","Cinnamon","","Ground Plane","","","Eating","Runs From","",40.846271,-73.940579,0,1,0
"24","UPPER MANHATTAN","A","J. Hood Wright Park",2,"A-02-12","Gray","Cinnamon","","Above Ground, Specific Location","15","tree","Climbing","Indifferent","",40.846332,-73.940369,1,0,0
"25","UPPER MANHATTAN","A","J. Hood Wright Park",2,"A-02-13","Gray","White","","Above Ground, Specific Location","20","tree","Sleeping","Indifferent","",40.846332,-73.940369,1,0,0
"26","UPPER MANHATTAN","A","J. Hood Wright Park",2,"A-02-14","Gray","Gray","","Ground Plane","","","Running","Indifferent","",40.846332,-73.940369,0,0,0
"27","UPPER MANHATTAN","A","J. Hood Wright Park",2,"A-02-15","Gray","White","","Ground Plane","","","Running","Indifferent","",40.846458,-73.94103,0,0,0
"28","UPPER MANHATTAN","A","J. Hood Wright Park",2,"A-02-16","Gray","Cinnamon","","Above Ground, Specific Location","20","tree","Eating","Indifferent","",40.846417,-73.941115,1,1,0
"29","UPPER MANHATTAN","A","J. Hood Wright Park",2,"A-02-17","Gray","Gray","","Ground Plane","","","Running","Indifferent","",40.846296,-73.941132,0,0,0
"30","UPPER MANHATTAN","A","J. Hood Wright Park",2,"A-02-18","Gray","Cinnamon","","Ground Plane","","","Foraging","Indifferent","",40.846064,-73.941497,0,1,0
"31","UPPER MANHATTAN","A","J. Hood Wright Park",2,"A-02-19","Gray","Cinnamon","","Above Ground, Specific Location","2","tree","Climbing","Indifferent","",40.846065,-73.941498,1,0,0
"32","UPPER MANHATTAN","A","J. Hood Wright Park",2,"A-02-20","Gray","Cinnamon","","Ground Plane","","","Foraging","Indifferent","",40.847296,-73.942061,0,1,0
"33","UPPER MANHATTAN","A","J. Hood Wright Park",2,"A-02-21","Gray","Cinnamon","","Ground Plane","","","Foraging","Runs From","",40.847259,-73.941598,0,1,0
"34","UPPER MANHATTAN","A","J. Hood Wright Park",2,"A-02-22","Gray","Cinnamon","","Ground Plane","","","Foraging","Indifferent","",40.84719,-73.941308,0,1,0
"35","UPPER MANHATTAN","A","J. Hood Wright Park",2,"A-02-23","Gray","Cinnamon","","Above Ground, Specific Location","2","fence","Eating","Indifferent","",40.84719,-73.941308,1,1,0
"36","UPPER MANHATTAN","A","J. Hood Wright Park",2,"A-02-24","Cinnamon","White","","Above Ground, Specific Location","20","tree","Sitting","Indifferent","",40.847113,-73.940937,1,0,0
"37","UPPER MANHATTAN","A","Highbridge Park",3,"A-03-01","Gray","Cinnamon","","Above Ground, Specific Location","2","in tree","Chasing, Climbing","Watches us from tree","#1 and #2 chasing each other",40.841178,-73.935482,1,0,0
"38","UPPER MANHATTAN","A","Highbridge Park",3,"A-03-02","Gray","White","","Above Ground, Specific Location","2","in tree","Chasing, Climbing, Eating","Runs From","#1 and #2 chasing each other",40.841204,-73.935434,1,1,0
"39","UPPER MANHATTAN","A","Highbridge Park",3,"A-03-03","Gray","White","","Above Ground, Specific Location","2","in tree","Running","","",40.841212,-73.934827,1,0,0
"40","UPPER MANHATTAN","A","Highbridge Park",3,"A-03-04","Gray","White","","Above Ground","3","","Climbing","","",40.841217,-73.934714,1,0,0
"41","UPPER MANHATTAN","A","Highbridge Park",3,"A-03-05","Gray","Cinnamon","","Ground Plane","","","Running","Runs From","#5, #6 & #7 together in shrub area to East, a lot of acorns and Corona bottle caps on ground",40.841359,-73.934339,0,0,0
"42","UPPER MANHATTAN","A","Highbridge Park",3,"A-03-06","Gray","Gray","","Above Ground, Specific Location","2","in tree","Running","Runs From, watchful","#5, #6 & #7 together in shrub area to East, a lot of acorns and Corona bottle caps on ground",40.841375,-73.934242,1,0,0
"43","UPPER MANHATTAN","A","Highbridge Park",3,"A-03-07","Gray","Cinnamon","","Above Ground, Specific Location","< 1","on log","Running","Runs From","#5, #6 & #7 together in shrub area to East, a lot of acorns and Corona bottle caps on ground",40.841375,-73.934242,1,0,0
"44","UPPER MANHATTAN","A","Highbridge Park",3,"A-03-08","Gray","Cinnamon","","Above Ground, Specific Location","3","in wall","Running, Chasing, Climbing","Runs From","#8 & #9 saw together at start of river overlook, hiding in cracks of cement wall! so cool!",40.842308,-73.933061,1,0,0
"45","UPPER MANHATTAN","A","Highbridge Park",3,"A-03-09","Gray","Cinnamon","","Above Ground, Specific Location","3","in wall","","","#8 & #9 saw together at start of river overlook, hiding in cracks of cement wall! so cool!",40.842401,-73.932986,1,0,0
"46","UPPER MANHATTAN","A","Highbridge Park",3,"A-03-10","Gray","Cinnamon","","Ground Plane, Above Ground","6‰ÛÒ18","Started on ground, climbed 6‰ÛÒ18 ft.","Climbing, Foraging","Watching us from tree - very interested in us","Lots of garbage, near #8 & #9",40.842511,-73.932916,1,1,0
"47","UPPER MANHATTAN","A","Highbridge Park",3,"A-03-11","Gray","Cinnamon","","Above Ground","4","","Vocalization at us","Approaches, watching us","",40.842673,-73.932793,1,0,0
"48","UPPER MANHATTAN","A","Highbridge Park",3,"A-03-12","Gray","White","","Ground Plane","","","Running, Foraging","Runs From","",40.842795,-73.933002,0,1,0
"49","UPPER MANHATTAN","A","Highbridge Park",3,"A-03-13","Gray","Cinnamon","","Ground Plane","","","Running","","",NA,NA,0,0,0
"50","UPPER MANHATTAN","A","Highbridge Park",3,"A-03-14","Gray","Cinnamon","","Ground Plane","","","Running, Eating","Runs From, watches us in short tree","Loud sparrows in tree",40.842327,-73.934269,0,1,0
"51","UPPER MANHATTAN","A","Highbridge Park",3,"A-03-15","Gray","Cinnamon","","Above Ground, Specific Location","9","in tree","Jumped to building","","",40.842359,-73.934177,1,0,0
"52","UPPER MANHATTAN","A","Highbridge Park",3,"A-03-16","Gray","Cinnamon","","Ground Plane","","","Eating, Foraging","Indifferent","",40.842769,-73.934478,0,1,0
"53","UPPER MANHATTAN","A","St. Nicholas Park",4,"A-04-01","Gray","White","","Above Ground","","","Climbing","Indifferent","Jumping between",40.817593,-73.948855,1,0,0
"54","UPPER MANHATTAN","A","St. Nicholas Park",4,"A-04-02","Black","Black","","Ground Plane","","","Foraging","Indifferent","Chasing #3",40.817719,-73.948855,0,1,0
"55","UPPER MANHATTAN","A","St. Nicholas Park",4,"A-04-03","Gray","White","","Ground Plane","","","Eating","Indifferent","Being chased by #2",40.817719,-73.948914,0,1,0
"56","UPPER MANHATTAN","A","St. Nicholas Park",4,"A-04-04","Gray","White","","Ground Plane","","","Foraging","Indifferent","",40.817711,-73.949118,0,1,0
"57","UPPER MANHATTAN","A","St. Nicholas Park",4,"A-04-05","Gray","White","","Ground Plane","","","Climbing, Eating","Indifferent","",40.817569,-73.948931,0,1,0
"58","UPPER MANHATTAN","A","St. Nicholas Park",4,"A-04-06","Gray","Gray","","Above Ground","","","Chasing, Climbing","Indifferent","",40.817544,-73.949016,1,0,0
"59","UPPER MANHATTAN","A","St. Nicholas Park",4,"A-04-07","Gray","Gray","","Above Ground","","","Chasing, Climbing","Indifferent","",40.817544,-73.949016,1,0,0
"60","UPPER MANHATTAN","A","St. Nicholas Park",4,"A-04-08","Gray","White","","Ground Plane","","","Running","Runs From","",40.817479,-73.949006,0,0,0
"61","UPPER MANHATTAN","A","St. Nicholas Park",4,"A-04-09","Gray","White","","Ground Plane","","","Foraging","Indifferent","Wooded area",40.816685,-73.949689,0,1,0
"62","UPPER MANHATTAN","A","St. Nicholas Park",4,"A-04-10","Gray","Gray","","Ground Plane","","","Foraging","Indifferent","Wooded area",40.816677,-73.949549,0,1,0
"63","UPPER MANHATTAN","A","St. Nicholas Park",4,"A-04-11","Black","Black","","Ground Plane","","","Foraging","Indifferent","Wooded area",40.816555,-73.949609,0,1,0
"64","UPPER MANHATTAN","A","St. Nicholas Park",4,"A-04-12","Gray","White","","Ground Plane","","","Foraging","Indifferent","Wooded area - would look but not fully approach",40.816506,-73.949587,0,1,0
"65","UPPER MANHATTAN","A","St. Nicholas Park",4,"A-04-13","Gray","White","","Ground Plane","","","Running","Indifferent","",40.816425,-73.949474,0,0,0
"66","UPPER MANHATTAN","A","St. Nicholas Park",4,"A-04-14","Gray","Gray","","Ground Plane","","","Foraging","Indifferent","",40.818308,-73.948952,0,1,0
"67","UPPER MANHATTAN","A","St. Nicholas Park",4,"A-04-15","Gray","Black","","Ground Plane","","","Foraging","Indifferent","",40.818263,-73.948909,0,1,0
"68","UPPER MANHATTAN","A","Riverside Park (Section Near Grant Memorial)",5,"A-05-01","Gray","Gray","","Ground Plane","","","Running, up tree","Runs From","",NA,NA,0,0,0
"69","UPPER MANHATTAN","A","Riverside Park (Section Near Grant Memorial)",5,"A-05-02","Gray","Gray","","Ground Plane","","","Running, up tree","Runs From","",NA,NA,0,0,0
"70","UPPER MANHATTAN","A","Riverside Park (Section Near Grant Memorial)",5,"A-05-03","Gray","Gray","","Ground Plane","","","Running, up tree","Indifferent","",NA,NA,0,0,0
"71","UPPER MANHATTAN","A","Riverside Park (Section Near Grant Memorial)",5,"A-05-04","Gray","Gray","","Ground Plane","","","Chasing","Indifferent","",NA,NA,0,0,0
"72","UPPER MANHATTAN","A","Riverside Park (Section Near Grant Memorial)",5,"A-05-05","Gray","Gray","","Ground Plane","","","Chasing","","",NA,NA,0,0,0
"73","UPPER MANHATTAN","A","Riverside Park (Section Near Grant Memorial)",5,"A-05-06","Gray","Gray","","Above Ground","15","","Sitting on branch","Indifferent","",NA,NA,1,0,0
"74","UPPER MANHATTAN","A","Riverside Park (Section Near Grant Memorial)",5,"A-05-07","Gray","Gray","","Ground Plane","","","Running, up tree","Indifferent","Forever wild section",NA,NA,0,0,0
"75","UPPER MANHATTAN","A","Riverside Park (Section Near Grant Memorial)",5,"A-05-08","Gray","Gray","","Ground Plane","","","Eating","Indifferent","",NA,NA,0,1,0
"76","UPPER MANHATTAN","A","Riverside Park (Section Near Grant Memorial)",5,"A-05-09","Gray","Gray","","Ground Plane","","","Eating","Indifferent","",NA,NA,0,1,0
"77","UPPER MANHATTAN","A","Riverside Park (Section Near Grant Memorial)",5,"A-05-10","Gray","Gray","","Ground Plane","","","Eating","Indifferent","",NA,NA,0,1,0
"78","UPPER MANHATTAN","A","Riverside Park (Section Near Grant Memorial)",5,"A-05-11","Gray","Gray","","Ground Plane","","","Eating","Indifferent","",NA,NA,0,1,0
"79","UPPER MANHATTAN","A","Riverside Park (Section Near Grant Memorial)",5,"A-05-12","Gray","Gray","","Ground Plane","","","Eating","Indifferent","",NA,NA,0,1,0
"80","UPPER MANHATTAN","A","Riverside Park (Section Near Grant Memorial)",5,"A-05-13","Gray","Gray","","Ground Plane","","","Eating","Indifferent","",NA,NA,0,1,0
"81","UPPER MANHATTAN","A","Riverside Park (Section Near Grant Memorial)",5,"A-05-14","Gray","Gray","","Ground Plane","","","Eating","Indifferent","",NA,NA,0,1,0
"82","UPPER MANHATTAN","A","Riverside Park (Section Near Grant Memorial)",5,"A-05-15","Gray","Gray","","Ground Plane","","","Chasing","Indifferent","",NA,NA,0,0,0
"83","UPPER MANHATTAN","A","Riverside Park (Section Near Grant Memorial)",5,"A-05-16","Gray","Gray","","Ground Plane","","","Chasing","Indifferent","",NA,NA,0,0,0
"84","UPPER MANHATTAN","A","Riverside Park (Section Near Grant Memorial)",5,"A-05-17","Gray","Gray","","Ground Plane","","","Eating","Okay with people","",NA,NA,0,1,0
"85","UPPER MANHATTAN","A","Riverside Park (Section Near Grant Memorial)",5,"A-05-18","Gray","Gray","","Ground Plane","","","Running","Indifferent","",NA,NA,0,0,0
"86","UPPER MANHATTAN","A","Riverside Park (Section Near Grant Memorial)",5,"A-05-19","Gray","Gray","","Above Ground, Specific Location","","Tree","Running","Indifferent","",NA,NA,1,0,0
"87","UPPER MANHATTAN","A","Riverside Park (Section Near Grant Memorial)",5,"A-05-20","Gray","Gray","","Ground Plane","","","Running","Indifferent","",NA,NA,0,0,0
"88","UPPER MANHATTAN","A","Riverside Park (Section Near Grant Memorial)",5,"A-05-21","Gray","Gray","","Ground Plane","","at tree","","Indifferent","",NA,NA,0,0,0
"89","UPPER MANHATTAN","A","Riverside Park (Section Near Grant Memorial)",5,"A-05-22","Gray","Gray","","Ground Plane","","","Chasing","","",NA,NA,0,0,0
"90","UPPER MANHATTAN","A","Riverside Park (Section Near Grant Memorial)",5,"A-05-23","Gray","Gray","","Ground Plane","","","Chasing","","",NA,NA,0,0,0
"91","UPPER MANHATTAN","A","Riverside Park (Section Near Grant Memorial)",5,"A-05-24","Gray","Gray","","","","","Sitting at attention","","",NA,NA,0,0,0
"92","UPPER MANHATTAN","A","Riverside Park (Section Near Grant Memorial)",5,"A-05-25","Gray","Gray","","Ground Plane","","","Eating","Indifferent","",NA,NA,0,1,0
"93","UPPER MANHATTAN","A","Riverside Park (Section Near Grant Memorial)",5,"A-05-26","Gray","Gray","","Ground Plane","","","Eating","Indifferent","",NA,NA,0,1,0
"94","UPPER MANHATTAN","A","Riverside Park (Section Near Grant Memorial)",5,"A-05-27","Gray","Gray","","Ground Plane","","","Foraging","Indifferent","",NA,NA,0,1,0
"95","UPPER MANHATTAN","A","Riverside Park (Section Near Grant Memorial)",5,"A-05-28","Gray","Gray","","Ground Plane","","","Foraging","Indifferent","",NA,NA,0,1,0
"96","UPPER MANHATTAN","A","Marcus Garvey Park",6,"A-06-01","Gray","Gray","","Above Ground","20‰ÛÒ40","","Climbing","Indifferent","HAWK. HAAAAAWK. All in 1 tree.",40.804912,-73.943735,1,0,0
"97","UPPER MANHATTAN","A","Marcus Garvey Park",6,"A-06-02","Gray","Gray","","Above Ground","20‰ÛÒ40","","Climbing","Indifferent","HAWK. HAAAAAWK. All in 1 tree.",40.804912,-73.943736,1,0,0
"98","UPPER MANHATTAN","A","Marcus Garvey Park",6,"A-06-03","Gray","Gray","","Above Ground","20‰ÛÒ40","","Climbing","Indifferent","HAWK. HAAAAAWK. All in 1 tree.",40.804913,-73.943735,1,0,0
"99","UPPER MANHATTAN","A","Marcus Garvey Park",6,"A-06-04","Gray","Gray","","Above Ground","20‰ÛÒ40","","Climbing","Indifferent","HAWK. HAAAAAWK. All in 1 tree.",40.804915,-73.943737,1,0,0
"100","UPPER MANHATTAN","A","Marcus Garvey Park",6,"A-06-05","Gray","Gray","","Above Ground","20‰ÛÒ40","","Climbing","Indifferent","HAWK. HAAAAAWK. All in 1 tree.",40.804916,-73.943735,1,0,0
"101","UPPER MANHATTAN","A","Marcus Garvey Park",6,"A-06-06","Gray","Gray","","Above Ground","20‰ÛÒ40","","Climbing","Indifferent","HAWK. HAAAAAWK. All in 1 tree.",40.804914,-73.943736,1,0,0
"102","UPPER MANHATTAN","A","Marcus Garvey Park",6,"A-06-07","Gray","Gray","","Above Ground","20‰ÛÒ40","","Climbing","Indifferent","HAWK. HAAAAAWK. All in 1 tree.",40.804917,-73.943737,1,0,0
"103","UPPER MANHATTAN","A","Marcus Garvey Park",6,"A-06-08","Black","Black","","Above Ground","25","","Climbing","","Defending the tree from the HAAAAWK. The bravest.",40.804912,-73.943738,1,0,0
"104","UPPER MANHATTAN","A","Marcus Garvey Park",6,"A-06-09","Gray","Gray","","Above Ground, Specific Location","2‰ÛÒ6","small trees","Chasing, Climbing, Eating","Indifferent","2 were chasing each other through some short trees, others just sat",40.804701,-73.944118,1,1,0
"105","UPPER MANHATTAN","A","Marcus Garvey Park",6,"A-06-10","Gray","Gray","","Above Ground, Specific Location","2‰ÛÒ6","small trees","Chasing, Climbing, Eating","Indifferent","2 were chasing each other through some short trees, others just sat",40.804746,-73.94374,1,1,0
"106","UPPER MANHATTAN","A","Marcus Garvey Park",6,"A-06-11","Gray","Gray","","Above Ground, Specific Location","2‰ÛÒ6","small trees","Chasing, Climbing, Eating","Indifferent","2 were chasing each other through some short trees, others just sat",40.804912,-73.94408,1,1,0
"107","UPPER MANHATTAN","A","Marcus Garvey Park",6,"A-06-12","Gray","Gray","","Above Ground, Specific Location","2‰ÛÒ6","small trees","Chasing, Climbing, Eating","Indifferent","2 were chasing each other through some short trees, others just sat",40.804729,-73.944053,1,1,0
"108","UPPER MANHATTAN","A","Marcus Garvey Park",6,"A-06-13","Gray","Gray","","Above Ground","4...3...2...1","","Climbing","","Slid down a signpost while spinning. Other squirrels flung leaves at it, cheering.",40.804713,-73.944032,1,0,0
"109","UPPER MANHATTAN","A","Marcus Garvey Park",6,"A-06-14","Gray","Gray","","Above Ground","15","","Climbing, Eating","","Too far to observe human interactions",40.804613,-73.943829,1,1,0
"110","UPPER MANHATTAN","A","Marcus Garvey Park",6,"A-06-15","Gray","Gray","","Above Ground","15","","Climbing, Eating","","Too far to observe human interactions",40.804564,-73.943824,1,1,0
"111","UPPER MANHATTAN","A","Marcus Garvey Park",6,"A-06-16","Gray","Gray","","Ground Plane","","","Running","","Ran up the the 3rd baseline of a Little League field. Wrong way!",40.804253,-73.944121,0,0,0
"112","UPPER MANHATTAN","A","Marcus Garvey Park",6,"A-06-17","Gray","Gray","","Ground Plane","","","Running","","Scampered across path",40.803758,-73.94433,0,0,0
"113","UPPER MANHATTAN","A","Marcus Garvey Park",6,"A-06-18","Gray","Gray","","Above Ground","4","","Sitting, shouting","Indifferent","",40.803616,-73.944464,1,0,0
"114","UPPER MANHATTAN","A","Marcus Garvey Park",6,"A-06-19","Gray","Gray","","Above Ground","4","","Sitting, shouting","Indifferent","",40.803413,-73.944207,1,0,0
"115","UPPER MANHATTAN","A","Marcus Garvey Park",6,"A-06-20","Gray","Gray","","Above Ground","4","","Sitting, shouting","Indifferent","",40.80338,-73.944148,1,0,0
"116","UPPER MANHATTAN","A","Marcus Garvey Park",6,"A-06-21","Gray","Gray","","Above Ground","4","","Sitting, shouting","Indifferent","",40.803392,-73.944228,1,0,0
"117","UPPER MANHATTAN","A","Marcus Garvey Park",6,"A-06-22","Gray","Gray","","Above Ground","","","Defending tree, shouting","Indifferent, Preoccupied by HAAWK","HAWK. Same scene as 1‰ÛÒ8. All gray.",40.803794,-73.944003,1,0,0
"118","UPPER MANHATTAN","A","Marcus Garvey Park",6,"A-06-23","Gray","Gray","","Above Ground","","","Defending tree, shouting","Indifferent, Preoccupied by HAAWK","HAWK. Same scene as 1‰ÛÒ8. All gray.",40.803795,-73.944003,1,0,0
"119","UPPER MANHATTAN","A","Marcus Garvey Park",6,"A-06-24","Gray","Gray","","Above Ground","","","Defending tree, shouting","Indifferent, Preoccupied by HAAWK","HAWK. Same scene as 1‰ÛÒ8. All gray.",40.803794,-73.944004,1,0,0
"120","UPPER MANHATTAN","A","Marcus Garvey Park",6,"A-06-25","Gray","Gray","","Above Ground","","","Defending tree, shouting","Indifferent, Preoccupied by HAAWK","HAWK. Same scene as 1‰ÛÒ8. All gray.",40.803794,-73.944005,1,0,0
"121","UPPER MANHATTAN","A","Marcus Garvey Park",6,"A-06-26","Gray","Gray","","Above Ground","","","Defending tree, shouting","Indifferent, Preoccupied by HAAWK","HAWK. Same scene as 1‰ÛÒ8. All gray.",40.803796,-73.944003,1,0,0
"122","UPPER MANHATTAN","A","Marcus Garvey Park",6,"A-06-27","Gray","Gray","","Above Ground","","","Defending tree, shouting","Indifferent, Preoccupied by HAAWK","HAWK. Same scene as 1‰ÛÒ8. All gray.",40.803795,-73.944004,1,0,0
"123","UPPER MANHATTAN","A","Marcus Garvey Park",6,"A-06-28","Gray","Gray","","Above Ground","3","","Eating","Indifferent","",40.80362,-73.944067,1,1,0
"124","UPPER MANHATTAN","A","Marcus Garvey Park",6,"A-06-29","Gray","Gray","","Above Ground","6","","Chasing, Climbing","Runs From","",40.80352,-73.943629,1,0,0
"125","UPPER MANHATTAN","A","Marcus Garvey Park",6,"A-06-30","Gray","Gray","","Above Ground","6","","Chasing, Climbing","Runs From","",40.803507,-73.943661,1,0,0
"126","UPPER MANHATTAN","A","Marcus Garvey Park",6,"A-06-31","Gray","Gray","","Above Ground","25","","Climbing","","",40.803981,-73.943327,1,0,0
"127","UPPER MANHATTAN","A","Marcus Garvey Park",6,"A-06-32","Gray","Gray","","Above Ground","25","","Climbing","","",40.804123,-73.943402,1,0,0
"128","UPPER MANHATTAN","A","Marcus Garvey Park",6,"A-06-33","Black","Cinnamon","Chestnut Brown?? May be black with sunlight??","Above Ground","25","","Cleaning","","Cleaning himself like a cat would.",40.803981,-73.943273,1,0,0
"129","UPPER MANHATTAN","A","Marcus Garvey Park",6,"A-06-34","Gray","Gray","","Above Ground","4","","Climbing","Runs From","",40.804878,-73.942781,1,0,0
"130","CENTRAL MANHATTAN","B","Madison Square Park",7,"B-07-01","Gray","","","Ground Plane","","","Foraging","Indifferent","Scar on forehead",40.74145,-73.987884,0,1,1
"131","CENTRAL MANHATTAN","B","Madison Square Park",7,"B-07-02","Gray","","","Above Ground, Specific Location","30","in a tree","Sitting","","",40.742255,-73.987433,1,0,1
"132","CENTRAL MANHATTAN","B","Madison Square Park",7,"B-07-03","Gray","","","Ground Plane","","","Foraging","Indifferent","",40.742556,-73.986971,0,1,1
"133","CENTRAL MANHATTAN","B","Madison Square Park",7,"B-07-04","Gray","","","Above Ground, Specific Location","10","in tree","Resting in tree","","",40.742792,-73.987046,1,0,1
"134","CENTRAL MANHATTAN","B","Madison Square Park",7,"B-07-05","Gray","","","Ground Plane, Specific Location","","Farragut Lawn","Running","Indifferent","Many pigeons lounging on lawn, tourist taking picture",40.74288,-73.987663,0,0,1
"135","CENTRAL MANHATTAN","B","Madison Square Park",7,"B-07-06","Gray","","","Above Ground, Specific Location","15","in old tree (oval lawn)","Sitting","Indifferent","#6 & #7 in same tree",40.742421,-73.98808,1,0,1
"136","CENTRAL MANHATTAN","B","Madison Square Park",7,"B-07-07","Gray","","","Above Ground, Specific Location","20","in old tree (oval lawn)","Sitting","Indifferent","#6 & #7 in same tree - In general, visitors/people are trying to coax squirrels and take pictures. They are delighted to see squirrels.",40.742421,-73.98808,1,0,1
"137","CENTRAL MANHATTAN","B","Madison Square Park",7,"B-07-08","Gray","Cinnamon","","Ground Plane, Specific Location","","base of tree","Foraging","Indifferent","Dog owners encouraging dogs to chase squirrels",40.742807,-73.988435,0,1,1
"138","CENTRAL MANHATTAN","B","Madison Square Park",7,"B-07-09","Gray","","","Ground Plane, Specific Location","","base of tree","Foraging","Indifferent","Ran from base of tree to lawn about 20 feet away in search of food",40.741528,-73.988324,0,1,1
"139","CENTRAL MANHATTAN","B","Madison Square Park",7,"B-07-10","Gray","","","Above Ground, Specific Location","10","in tree","Climbing, Foraging","Indifferent","First spotted in tree, then climbed down. Squirrel was small in stature.",40.741805,-73.988448,1,1,1
"140","CENTRAL MANHATTAN","B","Madison Square Park",7,"B-07-11","Gray","","","Ground Plane, Above Ground","1","on bench","Running, Climbing, Foraging","Indifferent","First seen on bench. Then jumped to ground, ran across path and onto lawn in search of food.",40.741862,-73.988797,1,1,1
"141","CENTRAL MANHATTAN","B","Union Square Park",8,"B-08-01","Cinnamon","Cinnamon","","Ground Plane","","","Climbing","Friendly","",40.735981,-73.99062,0,0,1
"142","CENTRAL MANHATTAN","B","Union Square Park",8,"B-08-02","Gray","Gray","","Ground Plane","","","Running, Eating, Foraging","Indifferent","",40.735847,-73.990115,0,1,1
"143","CENTRAL MANHATTAN","B","Union Square Park",8,"B-08-03","Cinnamon","","","Ground Plane","","","Foraging","Indifferent","",40.735896,-73.99041,0,1,1
"144","CENTRAL MANHATTAN","B","Union Square Park",8,"B-08-04","Gray","","","Ground Plane","","","Foraging","Indifferent","",40.73579,-73.990738,0,1,1
"145","CENTRAL MANHATTAN","B","Union Square Park",8,"B-08-05","Gray","","","Ground Plane","","","Digging","Indifferent","",40.735941,-73.99063,0,0,1
"146","CENTRAL MANHATTAN","B","Union Square Park",8,"B-08-06","Gray","","","Above Ground, Specific Location","","in tree","Climbing","","",40.73566,-73.990351,1,0,1
"147","CENTRAL MANHATTAN","B","Union Square Park",8,"B-08-07","Gray","Cinnamon","Cinnamon tail","Above Ground, Specific Location","","in tree","Climbing, Eating","","Baby smaller",40.735636,-73.990426,1,1,1
"148","CENTRAL MANHATTAN","B","Union Square Park",8,"B-08-08","Gray","Black","","","","","Climbing","","Baby smaller",40.73566,-73.990351,0,0,1
"149","CENTRAL MANHATTAN","B","Union Square Park",8,"B-08-09","Gray","","","","","","Running, Digging","Runs From","",40.735587,-73.990367,0,0,1
"150","CENTRAL MANHATTAN","B","Union Square Park",8,"B-08-10","Gray","","","Ground Plane","","","Eating, Foraging","Indifferent, Staring","",40.73542,-73.990453,0,1,1
"151","CENTRAL MANHATTAN","B","Union Square Park",8,"B-08-11","Cinnamon","","","Ground Plane","","","Foraging","Indifferent, Runs From (kids)","Ran away from kids and climbed up the tree",40.735514,-73.99033,0,1,1
"152","CENTRAL MANHATTAN","B","Union Square Park",8,"B-08-12","Gray","","","Ground Plane","","","Eating, Foraging","","Big",40.735945,-73.990201,0,1,1
"153","CENTRAL MANHATTAN","B","Union Square Park",8,"B-08-13","Cinnamon","","","","","","Foraging","","Big",40.735947,-73.99023,0,1,1
"154","CENTRAL MANHATTAN","B","Union Square Park",8,"B-08-14","Gray","","","Ground Plane","","","Eating, Foraging","","Big and chubby",40.73604,-73.98966,0,1,1
"155","CENTRAL MANHATTAN","B","Union Square Park",8,"B-08-15","Gray","","","Ground Plane","","","Eating, Foraging","","",40.73618,-73.990683,0,1,1
"156","CENTRAL MANHATTAN","B","Union Square Park",8,"B-08-16","Cinnamon","","","Ground Plane","","","Eating, Foraging","","",40.736298,-73.990559,0,1,1
"157","CENTRAL MANHATTAN","B","Stuyvesant Square Park",9,"B-09-01","Gray","Cinnamon","","Ground Plane","","","Foraging","Indifferent","Found nut and moved into tree",40.733753,-73.983682,0,1,0
"158","CENTRAL MANHATTAN","B","Stuyvesant Square Park",9,"B-09-02","Gray","Cinnamon","","Ground Plane","","","Foraging","Indifferent","",40.733648,-73.983483,0,1,0
"159","CENTRAL MANHATTAN","B","Stuyvesant Square Park",9,"B-09-03","Gray","Cinnamon","","Ground Plane","","","Foraging","Indifferent","",40.733631,-73.983419,0,1,0
"160","CENTRAL MANHATTAN","B","Stuyvesant Square Park",9,"B-09-04","Gray","Cinnamon","","Ground Plane","","","Climbing","Runs From","",40.733546,-73.983263,0,0,0
"161","CENTRAL MANHATTAN","B","Stuyvesant Square Park",9,"B-09-05","Gray","Cinnamon","","Above Ground","30","","Climbing","","",40.733591,-73.983263,1,0,0
"162","CENTRAL MANHATTAN","B","Stuyvesant Square Park",9,"B-09-06","Gray","Cinnamon","","Above Ground","15","","Climbing, Eating","Indifferent","",40.733648,-73.984294,1,1,0
"163","CENTRAL MANHATTAN","B","Stuyvesant Square Park",9,"B-09-07","Gray","Cinnamon","","Ground Plane","","","Foraging","Approaches","Curious, thinks we have food",40.733737,-73.98438,0,1,0
"164","CENTRAL MANHATTAN","B","Stuyvesant Square Park",9,"B-09-08","Gray","Cinnamon","","Ground Plane","","","Chasing","Indifferent","Being chased by #9",40.733501,-73.984417,0,0,0
"165","CENTRAL MANHATTAN","B","Stuyvesant Square Park",9,"B-09-09","Gray","Cinnamon","","Ground Plane","","","Chasing","Indifferent","Chasing #8",40.733575,-73.984391,0,0,0
"166","CENTRAL MANHATTAN","B","Stuyvesant Square Park",9,"B-09-10","Gray","Cinnamon","","Ground Plane","","","Foraging","Approaches","Expected food",40.733506,-73.984553,0,1,0
"167","CENTRAL MANHATTAN","B","Stuyvesant Square Park",9,"B-09-11","Gray","Cinnamon","","Above Ground","20","","Climbing","Indifferent","Juvenile? Playing with #12 in tree",40.733619,-73.984708,1,0,0
"168","CENTRAL MANHATTAN","B","Stuyvesant Square Park",9,"B-09-12","Gray","Cinnamon","","Above Ground","20","","Chasing","Indifferent","Juvenile? Playing with #11 in tree",40.733648,-73.984638,1,0,0
"169","CENTRAL MANHATTAN","B","Stuyvesant Square Park",9,"B-09-13","Gray","Cinnamon","","Above Ground","40","","Eating","","",40.733737,-73.984644,1,1,0
"170","CENTRAL MANHATTAN","B","Stuyvesant Square Park",9,"B-09-14","Black","Cinnamon","","Above Ground","10","","Eating","Approaches","",40.733932,-73.984612,1,1,0
"171","CENTRAL MANHATTAN","B","Stuyvesant Square Park",9,"B-09-15","Black","Cinnamon","","Above Ground","30","","Eating","","Far away",40.734014,-73.984461,1,1,0
"172","CENTRAL MANHATTAN","B","Stuyvesant Square Park",9,"B-09-16","Black","Cinnamon","","Above Ground, Specific Location","60","in tree","","","",40.734221,-73.984397,1,0,0
"173","CENTRAL MANHATTAN","B","Stuyvesant Square Park",9,"B-09-17","Gray","Cinnamon","","Above Ground, Specific Location","15","in tree","Eating","","",40.734083,-73.984322,1,1,0
"174","CENTRAL MANHATTAN","B","Stuyvesant Square Park",9,"B-09-18","Gray","Cinnamon","","Ground Plane","","","Foraging","Indifferent","",40.73403,-73.984199,0,1,0
"175","CENTRAL MANHATTAN","B","Stuyvesant Square Park",9,"B-09-19","Black","Cinnamon","","Above Ground, Specific Location","40","in tree","Grooming","","",40.734204,-73.984242,1,0,0
"176","CENTRAL MANHATTAN","B","Stuyvesant Square Park",9,"B-09-20","Gray","Cinnamon","","Ground Plane","","","Foraging","Indifferent","",40.734314,-73.984231,0,1,0
"177","CENTRAL MANHATTAN","B","Stuyvesant Square Park",9,"B-09-21","Gray","Cinnamon","","Above Ground, Specific Location","30","in tree","","","",40.734261,-73.984284,1,0,0
"178","CENTRAL MANHATTAN","B","Stuyvesant Square Park",9,"B-09-22","Gray","Cinnamon","","Above Ground, Specific Location","30","in tree","","","",40.734144,-73.984059,1,0,0
"179","CENTRAL MANHATTAN","B","Stuyvesant Square Park",9,"B-09-23","Gray","Cinnamon","","Ground Plane","","","Foraging","Indifferent","",40.734335,-73.984038,0,1,0
"180","CENTRAL MANHATTAN","B","Stuyvesant Square Park",9,"B-09-24","Black","Cinnamon","","Ground Plane","","","Foraging","Indifferent","",40.734383,-73.984118,0,1,0
"181","CENTRAL MANHATTAN","B","Stuyvesant Square Park",9,"B-09-25","Black","Cinnamon","","Ground Plane","","","Foraging","Indifferent","",40.734356,-73.984062,0,1,0
"182","CENTRAL MANHATTAN","B","Washington Square Park",10,"B-10-01","Gray","Gray","","Ground Plane","","","Foraging","Indifferent","Sun",40.730703,-73.995821,0,1,1
"183","CENTRAL MANHATTAN","B","Washington Square Park",10,"B-10-02","Gray","Gray","","Ground Plane","","","Foraging","Indifferent","",40.730638,-73.995784,0,1,1
"184","CENTRAL MANHATTAN","B","Washington Square Park",10,"B-10-03","Gray","Gray","","Ground Plane","","","Foraging","Indifferent","",40.730528,-73.995891,0,1,1
"185","CENTRAL MANHATTAN","B","Washington Square Park",10,"B-10-04","Gray","Gray","","Ground Plane","","","Foraging","Indifferent","",40.730394,-73.996009,0,1,1
"186","CENTRAL MANHATTAN","B","Washington Square Park",10,"B-10-05","Gray","","","","","","","Indifferent","",40.730341,-73.996052,0,0,1
"187","CENTRAL MANHATTAN","B","Washington Square Park",10,"B-10-06","Gray","","","","","","","Indifferent","People eating at bench with dog",40.7303,-73.996106,0,0,1
"188","CENTRAL MANHATTAN","B","Washington Square Park",10,"B-10-07","Gray","","","","","","","Indifferent","",40.730247,-73.996175,0,0,1
"189","CENTRAL MANHATTAN","B","Washington Square Park",10,"B-10-08","Gray","","","","","","","Indifferent","",40.730231,-73.996138,0,0,1
"190","CENTRAL MANHATTAN","B","Washington Square Park",10,"B-10-09","Gray","Gray","","Ground Plane","","","Foraging","Indifferent","",40.730223,-73.996132,0,1,1
"191","CENTRAL MANHATTAN","B","Washington Square Park",10,"B-10-10","Gray","","","","","","","Indifferent","Shady",40.730077,-73.996277,0,0,1
"192","CENTRAL MANHATTAN","B","Washington Square Park",10,"B-10-11","Gray","Gray","","Above Ground","20","","Nesting","Indifferent","In squirrel house (pic). Someone is trying to feed squirrel in house.",NA,NA,1,0,1
"193","CENTRAL MANHATTAN","B","Washington Square Park",10,"B-10-12","Gray","Gray","","Above Ground","25","","Climbing","Indifferent","",NA,NA,1,0,1
"194","CENTRAL MANHATTAN","B","Washington Square Park",10,"B-10-13","Gray","","","Ground Plane","","","Chasing","Indifferent","Chasing #15",NA,NA,0,0,1
"195","CENTRAL MANHATTAN","B","Washington Square Park",10,"B-10-14","Gray","","","Above Ground, Specific Location","15","in tree","Eating","Indifferent","",NA,NA,1,1,1
"196","CENTRAL MANHATTAN","B","Washington Square Park",10,"B-10-15","Gray","","","","","","Chasing","Indifferent","Being chased by #13",40.729858,-73.996843,0,0,1
"197","CENTRAL MANHATTAN","B","Washington Square Park",10,"B-10-16","Gray","","","","","","Chasing","Indifferent","",40.72985,-73.996778,0,0,1
"198","CENTRAL MANHATTAN","B","Washington Square Park",10,"B-10-17","Gray","","","","","","Chasing","Indifferent","",40.729822,-73.996816,0,0,1
"199","CENTRAL MANHATTAN","B","Washington Square Park",10,"B-10-18","Gray","","","","","","Chasing","Indifferent","",40.729809,-73.996762,0,0,1
"200","CENTRAL MANHATTAN","B","Washington Square Park",10,"B-10-19","Gray","","","","","","Chasing","Indifferent","",40.729939,-73.997068,0,0,1
"201","CENTRAL MANHATTAN","B","Washington Square Park",10,"B-10-20","Gray","","","Ground Plane","","","","Indifferent","",40.729976,-73.997154,0,0,1
"202","CENTRAL MANHATTAN","B","Washington Square Park",10,"B-10-21","Gray","","","Ground Plane","","","","Indifferent","",40.72996,-73.997079,0,0,1
"203","CENTRAL MANHATTAN","B","Washington Square Park",10,"B-10-22","Gray","","","Ground Plane","","","","Indifferent","",40.729927,-73.997036,0,0,1
"204","CENTRAL MANHATTAN","B","Washington Square Park",10,"B-10-23","Gray","","","Ground Plane","","","","Indifferent","",40.729988,-73.997106,0,0,1
"205","CENTRAL MANHATTAN","B","Washington Square Park",10,"B-10-24","Gray","","","Ground Plane","","","","Indifferent","",40.72998,-73.997031,0,0,1
"206","CENTRAL MANHATTAN","B","Washington Square Park",10,"B-10-25","Gray","","","","","","","Indifferent","",40.730318,-73.997213,0,0,1
"207","CENTRAL MANHATTAN","B","Washington Square Park",10,"B-10-26","Gray","","","","","","","Indifferent","",40.730301,-73.997251,0,0,1
"208","CENTRAL MANHATTAN","B","Washington Square Park",10,"B-10-27","Gray","","","","","","","Indifferent","",40.730334,-73.997589,0,0,1
"209","CENTRAL MANHATTAN","B","Washington Square Park",10,"B-10-28","Gray","","","","","","","Indifferent","",40.730411,-73.997589,0,0,1
"210","CENTRAL MANHATTAN","B","Washington Square Park",10,"B-10-29","Gray","","","","","","","Indifferent","",40.730395,-73.997535,0,0,1
"211","CENTRAL MANHATTAN","B","Washington Square Park",10,"B-10-30","Gray","","","Above Ground, Specific Location","","tree","","Indifferent","",40.730411,-73.997766,1,0,1
"212","CENTRAL MANHATTAN","B","Washington Square Park",10,"B-10-31","Gray","","","","","","","Indifferent","",40.731031,-73.999122,0,0,1
"213","CENTRAL MANHATTAN","B","Washington Square Park",10,"B-10-32","Gray","","","Above Ground, Specific Location","","in tree high","","Indifferent","",40.731504,-73.998977,1,0,1
"214","CENTRAL MANHATTAN","B","Washington Square Park",10,"B-10-33","Gray","","","Above Ground, Specific Location","","in tree high","","Indifferent","",40.731548,-73.998842,1,0,1
"215","CENTRAL MANHATTAN","B","Washington Square Park",10,"B-10-34","Gray","","","Above Ground, Specific Location","","in tree high","","Indifferent","",40.731608,-73.998928,1,0,1
"216","CENTRAL MANHATTAN","B","Washington Square Park",10,"B-10-35","Gray","","","Above Ground, Specific Location","","in tree high","","Indifferent","",40.731503,-73.999014,1,0,1
"217","CENTRAL MANHATTAN","B","Washington Square Park",10,"B-10-36","Gray","","","Above Ground, Specific Location","","tree canopy, low down","","Indifferent","",40.731552,-73.998788,1,0,1
"218","CENTRAL MANHATTAN","B","Washington Square Park",10,"B-10-37","Gray","","","Above Ground, Specific Location","","tree high","","Indifferent","",40.731952,-73.998647,1,0,1
"219","CENTRAL MANHATTAN","B","Washington Square Park",10,"B-10-38","Gray","","","Above Ground, Specific Location","","tree high","","Indifferent","",40.731936,-73.998598,1,0,1
"220","CENTRAL MANHATTAN","B","Washington Square Park",10,"B-10-39","Gray","","","Above Ground, Specific Location","","tree low","","Indifferent","",40.732001,-73.998491,1,0,1
"221","CENTRAL MANHATTAN","B","Washington Square Park",10,"B-10-40","Gray","","","Ground Plane","","","Foraging","Indifferent","Busy area",40.731974,-73.998482,0,1,1
"222","CENTRAL MANHATTAN","B","Washington Square Park",10,"B-10-41","Gray","","","","","","","Indifferent","",40.731861,-73.998122,0,0,1
"223","CENTRAL MANHATTAN","B","Washington Square Park",10,"B-10-42","Gray","","","","","","","Indifferent","",40.731804,-73.997999,0,0,1
"224","CENTRAL MANHATTAN","B","Washington Square Park",10,"B-10-43","Gray","","","Above Ground, Specific Location","","tree","","Indifferent","",40.731747,-73.997859,1,0,1
"225","CENTRAL MANHATTAN","B","Washington Square Park",10,"B-10-44","Gray","","","Above Ground, Specific Location","","tree","","Indifferent","",40.731665,-73.997747,1,0,1
"226","CENTRAL MANHATTAN","B","Washington Square Park",10,"B-10-45","Gray","","","Above Ground, Specific Location","","tree","","Indifferent","",40.731548,-73.99758,1,0,1
"227","CENTRAL MANHATTAN","B","Washington Square Park",10,"B-10-46","Gray","","","Above Ground, Specific Location","","tree high","","Indifferent","",40.731389,-73.997231,1,0,1
"228","CENTRAL MANHATTAN","B","Washington Square Park",10,"B-10-47","Gray","","","","","","","Indifferent","Sun",40.7312,-73.996805,0,0,1
"229","CENTRAL MANHATTAN","B","Washington Square Park",10,"B-10-48","Gray","","","Above Ground, Specific Location","","small tree","","Indifferent","",40.731119,-73.996655,1,0,1
"230","CENTRAL MANHATTAN","B","Washington Square Park",10,"B-10-49","Gray","","","Specific Location","","on bench","","Indifferent","",40.731103,-73.996601,0,0,1
"231","CENTRAL MANHATTAN","B","Washington Square Park",10,"B-10-50","Gray","","","","","","","Indifferent","",40.73092,-73.996242,0,0,1
"232","CENTRAL MANHATTAN","B","Washington Square Park",10,"B-10-51","Gray","","","","","","","Indifferent","",40.730782,-73.996017,0,0,1
"233","CENTRAL MANHATTAN","B","Tompkins Square Park",11,"B-11-01","Gray","Gray","","Specific Location","","Tree","Climbing","Runs From","Nut in mouth, very fast moving",NA,NA,0,0,0
"234","CENTRAL MANHATTAN","B","Tompkins Square Park",11,"B-11-02","Gray","Gray","","Ground Plane","","","Foraging","Indifferent","",NA,NA,0,1,0
"235","CENTRAL MANHATTAN","B","Tompkins Square Park",11,"B-11-03","Black","Black","","Ground Plane","","","Foraging","Indifferent","",NA,NA,0,1,0
"236","CENTRAL MANHATTAN","B","Tompkins Square Park",11,"B-11-04","Gray","Gray","","Ground Plane","","","Foraging","Indifferent","",NA,NA,0,1,0
"237","CENTRAL MANHATTAN","B","Tompkins Square Park",11,"B-11-05","Gray","Gray","","Ground Plane","","","Running","Indifferent","",NA,NA,0,0,0
"238","CENTRAL MANHATTAN","B","Tompkins Square Park",11,"B-11-06","Gray","Gray","","Ground Plane","","","Foraging","Indifferent","",NA,NA,0,1,0
"239","CENTRAL MANHATTAN","B","Tompkins Square Park",11,"B-11-07","Gray","Gray","","Ground Plane","","","Foraging","Indifferent","",NA,NA,0,1,0
"240","CENTRAL MANHATTAN","B","Tompkins Square Park",11,"B-11-08","Gray","Gray","","Above Ground","20","","Climbing","Indifferent","",NA,NA,1,0,0
"241","CENTRAL MANHATTAN","B","Tompkins Square Park",11,"B-11-09","Gray","Gray","","Ground Plane","","","Foraging","Indifferent","",NA,NA,0,1,0
"242","CENTRAL MANHATTAN","B","Tompkins Square Park",11,"B-11-10","Gray","Gray","","Above Ground","30","","Chasing","Indifferent","",NA,NA,1,0,0
"243","CENTRAL MANHATTAN","B","Tompkins Square Park",11,"B-11-11","Gray","Gray","","Above Ground","30","","Chasing","Indifferent","",NA,NA,1,0,0
"244","CENTRAL MANHATTAN","B","Tompkins Square Park",11,"B-11-12","Gray","Gray","","Ground Plane","","","Foraging","Indifferent","",NA,NA,0,1,0
"245","CENTRAL MANHATTAN","B","Tompkins Square Park",11,"B-11-13","Gray","Gray","","Ground Plane","","","Foraging","Indifferent","",NA,NA,0,1,0
"246","CENTRAL MANHATTAN","B","Tompkins Square Park",11,"B-11-14","Gray","Gray","","Ground Plane","","","Foraging","","",NA,NA,0,1,0
"247","CENTRAL MANHATTAN","B","Tompkins Square Park",11,"B-11-15","Gray","Gray","","Specific Location","","Tree","Climbing (down tree)","Indifferent","",NA,NA,0,0,0
"248","CENTRAL MANHATTAN","B","Tompkins Square Park",11,"B-11-16","Gray","Gray","","Specific Location","","Tree","Climbing (down tree)","Indifferent","",NA,NA,0,0,0
"249","CENTRAL MANHATTAN","B","Tompkins Square Park",11,"B-11-17","Gray","Gray","","Specific Location","","Tree","Climbing","Indifferent","",NA,NA,0,0,0
"250","CENTRAL MANHATTAN","B","Tompkins Square Park",11,"B-11-18","Gray","Gray","","Specific Location","","Tree","Climbing","Indifferent","",NA,NA,0,0,0
"251","CENTRAL MANHATTAN","B","Tompkins Square Park",11,"B-11-19","Gray","Gray","","Ground Plane","","","Foraging","Indifferent","",NA,NA,0,1,0
"252","CENTRAL MANHATTAN","B","Tompkins Square Park",11,"B-11-20","Gray","Gray","","Ground Plane","","","Foraging","Indifferent","",NA,NA,0,1,0
"253","CENTRAL MANHATTAN","B","Tompkins Square Park",11,"B-11-21","Gray","Gray","","Specific Location","","Tree","Climbing","Indifferent","",NA,NA,0,0,0
"254","CENTRAL MANHATTAN","B","Tompkins Square Park",11,"B-11-22","Gray","Gray","","Specific Location","","Tree","Sitting","Indifferent","",NA,NA,0,0,0
"255","CENTRAL MANHATTAN","B","Tompkins Square Park",11,"B-11-23","Gray","Gray","","Specific Location","","Tree","Sitting (in tree hole)","Indifferent","",NA,NA,0,0,0
"256","CENTRAL MANHATTAN","B","Tompkins Square Park",11,"B-11-24","Gray","Gray","","Specific Location","","Tree","Lounging","Approaches","",NA,NA,0,0,0
"257","CENTRAL MANHATTAN","B","Tompkins Square Park",11,"B-11-25","Gray","Gray","","Ground Plane","","","Foraging","Approaches","",NA,NA,0,1,0
"258","CENTRAL MANHATTAN","B","Tompkins Square Park",11,"B-11-26","Gray","Gray","","Ground Plane","","","Foraging","Approaches","",NA,NA,0,1,0
"259","CENTRAL MANHATTAN","B","Tompkins Square Park",11,"B-11-27","Gray","Gray","","Ground Plane","","","Foraging","Approaches","",NA,NA,0,1,0
"260","CENTRAL MANHATTAN","B","Tompkins Square Park",11,"B-11-28","Gray","Gray","","Ground Plane","","","Foraging","Approaches","",NA,NA,0,1,0
"261","CENTRAL MANHATTAN","B","Tompkins Square Park",11,"B-11-29","Gray","Gray","","Ground Plane","","","Foraging","Approaches","",NA,NA,0,1,0
"262","CENTRAL MANHATTAN","B","Tompkins Square Park",11,"B-11-30","Gray","Gray","","Ground Plane","","","Foraging","Approaches","",NA,NA,0,1,0
"263","CENTRAL MANHATTAN","B","Tompkins Square Park",11,"B-11-31","Gray","Gray","","Ground Plane","","","Running","","",NA,NA,0,0,0
"264","CENTRAL MANHATTAN","B","Tompkins Square Park",11,"B-11-32","Gray","Gray","","Ground Plane","","","Foraging","Approaches","",NA,NA,0,1,0
"265","CENTRAL MANHATTAN","B","Tompkins Square Park",11,"B-11-33","Gray","Gray","","Specific Location","","Tree","Sitting","Approaches","",NA,NA,0,0,0
"266","CENTRAL MANHATTAN","B","Tompkins Square Park",11,"B-11-34","Gray","Gray","","Specific Location","","Tree","Climbing","Approaches","",NA,NA,0,0,0
"267","CENTRAL MANHATTAN","B","Tompkins Square Park",11,"B-11-35","Gray","Gray","","Ground Plane","","","Foraging","Indifferent","",NA,NA,0,1,0
"268","CENTRAL MANHATTAN","B","Tompkins Square Park",11,"B-11-36","Gray","Gray","","Specific Location","","Tree","Climbing (down)","Indifferent","",NA,NA,0,0,0
"269","CENTRAL MANHATTAN","B","Tompkins Square Park",11,"B-11-37","Gray","Gray","","Specific Location","","Tree","Climbing (down)","Indifferent","",NA,NA,0,0,0
"270","CENTRAL MANHATTAN","B","Tompkins Square Park",11,"B-11-38","Gray","Gray","","Ground Plane","","","Foraging","Indifferent","",NA,NA,0,1,0
"271","CENTRAL MANHATTAN","B","Tompkins Square Park",11,"B-11-39","Gray","Gray","","Ground Plane","","","Foraging","Indifferent","",NA,NA,0,1,0
"272","CENTRAL MANHATTAN","B","Tompkins Square Park",11,"B-11-40","Gray","Gray","","Ground Plane","","","Foraging","Indifferent","",NA,NA,0,1,0
"273","CENTRAL MANHATTAN","B","Tompkins Square Park",11,"B-11-41","Gray","Gray","","Ground Plane","","","Foraging","Indifferent","",NA,NA,0,1,0
"274","CENTRAL MANHATTAN","B","Tompkins Square Park",11,"B-11-42","Gray","Gray","","Ground Plane","","","Foraging","Indifferent","",NA,NA,0,1,0
"275","CENTRAL MANHATTAN","B","Tompkins Square Park",11,"B-11-43","Gray","Gray","","Ground Plane","","","Foraging","Indifferent","",NA,NA,0,1,0
"276","CENTRAL MANHATTAN","B","Tompkins Square Park",11,"B-11-44","Gray","Gray","","Ground Plane","","","Foraging","Indifferent","",NA,NA,0,1,0
"277","CENTRAL MANHATTAN","B","Tompkins Square Park",11,"B-11-45","Gray","Gray","","Ground Plane","","","Foraging","Indifferent","",NA,NA,0,1,0
"278","CENTRAL MANHATTAN","B","Tompkins Square Park",11,"B-11-46","Gray","Gray","","Ground Plane","","","Foraging","Indifferent","",NA,NA,0,1,0
"279","CENTRAL MANHATTAN","B","Tompkins Square Park",11,"B-11-47","Gray","Gray","","Ground Plane","","","Foraging","Indifferent","",NA,NA,0,1,0
"280","CENTRAL MANHATTAN","B","Tompkins Square Park",11,"B-11-48","Black","Black","","Ground Plane","","","Foraging","Indifferent","They (#48 & #49) are fat.",NA,NA,0,1,0
"281","CENTRAL MANHATTAN","B","Tompkins Square Park",11,"B-11-49","Black","Black","","Ground Plane","","","Foraging","Indifferent","They (#48 & #49) are fat.",NA,NA,0,1,0
"282","CENTRAL MANHATTAN","B","Tompkins Square Park",11,"B-11-50","Gray","Gray","","Ground Plane","","","Chasing","Indifferent","",NA,NA,0,0,0
"283","CENTRAL MANHATTAN","B","Tompkins Square Park",11,"B-11-51","Black","Black","","Ground Plane","","","Chasing","Indifferent","",NA,NA,0,0,0
"284","CENTRAL MANHATTAN","B","Tompkins Square Park",11,"B-11-52","Gray","Gray","","Ground Plane","","","Foraging","Indifferent","",NA,NA,0,1,0
"285","CENTRAL MANHATTAN","B","Tompkins Square Park",11,"B-11-53","Gray","Gray","","Ground Plane","","","Foraging","Indifferent","",NA,NA,0,1,0
"286","CENTRAL MANHATTAN","B","Tompkins Square Park",11,"B-11-54","Gray","Gray","","Specific Location","","Tree","Climbing","Indifferent","",NA,NA,0,0,0
"287","CENTRAL MANHATTAN","B","Tompkins Square Park",11,"B-11-55","Gray","Gray","","Specific Location","","Tree","Climbing","","",NA,NA,0,0,0
"288","CENTRAL MANHATTAN","B","Tompkins Square Park",11,"B-11-56","Gray","Gray","","Specific Location","","Tree","Climbing","","",NA,NA,0,0,0
"289","CENTRAL MANHATTAN","B","Tompkins Square Park",11,"B-11-57","Gray","Gray","","Specific Location","","Tree","Climbing","","",NA,NA,0,0,0
"290","CENTRAL MANHATTAN","B","Tompkins Square Park",11,"B-11-58","Gray","Gray","","Ground Plane","","","Foraging","","",NA,NA,0,1,0
"291","CENTRAL MANHATTAN","B","Tompkins Square Park",11,"B-11-59","Gray","Gray","","Ground Plane","","","Foraging","","",NA,NA,0,1,0
"292","CENTRAL MANHATTAN","B","John V. Lindsay East River Park",12,"B-12-01","Gray","Gray","","Ground Plane","","","Running, Eating","Indifferent","Nibbling on shrubs?",40.725738,-73.972105,0,1,0
"293","CENTRAL MANHATTAN","B","John V. Lindsay East River Park",12,"B-12-02","Black","Black","","Ground Plane","","","Running, Eating (peanuts)","","",40.722614,-73.972894,0,1,0
"294","CENTRAL MANHATTAN","B","John V. Lindsay East River Park",12,"B-12-03","Gray","Gray","","Ground Plane, Above Ground","","","Climbing, Watching #2","Approaches","Siblings? (with #4) Playing (with #4) in fenced yard",40.72263,-73.973001,1,0,0
"295","CENTRAL MANHATTAN","B","John V. Lindsay East River Park",12,"B-12-04","Gray","Gray","","Ground Plane, Above Ground","","","Running, Chasing, Eating","","Siblings? (with #3) Playing (with #3) in fenced yard",40.72263,-73.973109,1,1,0
"296","CENTRAL MANHATTAN","B","John V. Lindsay East River Park",12,"B-12-05","Gray","Gray","","Ground Plane","","","Eating, Foraging","Approaches","",40.722614,-73.973033,0,1,0
"297","CENTRAL MANHATTAN","B","John V. Lindsay East River Park",12,"B-12-06","Gray","Gray","","Ground Plane","","","Eating, Foraging","Approaches","",40.722173,-73.97272,0,1,0
"298","CENTRAL MANHATTAN","B","John V. Lindsay East River Park",12,"B-12-07","Gray","Gray","","Ground Plane, Above Ground","8","","Climbing, Foraging","Indifferent","",40.719379,-73.973504,1,1,0
"299","CENTRAL MANHATTAN","B","John V. Lindsay East River Park",12,"B-12-08","Gray","Gray","","Ground Plane, Above Ground","8","","Climbing, Foraging","Indifferent","",40.71935,-73.973445,1,1,0
"300","CENTRAL MANHATTAN","B","John V. Lindsay East River Park",12,"B-12-09","Gray","Gray","","Above Ground, Specific Location","12","in a tree","Climbing","","",40.721923,-73.974121,1,0,0
"301","CENTRAL MANHATTAN","B","John V. Lindsay East River Park",12,"B-12-10","Gray","Gray","","Ground Plane","","","Eating","Approaches","",40.724011,-73.97313,0,1,0
"302","CENTRAL MANHATTAN","B","John V. Lindsay East River Park",12,"B-12-11","Gray","Gray","","Ground Plane","","","Climbing, Eating, Foraging","Indifferent","Was very close to a dog and hid in a tree",40.724608,-73.972841,0,1,0
"303","CENTRAL MANHATTAN","B","John V. Lindsay East River Park",12,"B-12-12","Gray","Gray","","Ground Plane","","","Eating, Foraging","Runs From","",40.724774,-73.97275,0,1,0
"304","LOWER MANHATTAN","C","Seward Park",14,"C-14-01","Gray","Cinnamon, White","","Ground Plane","","","Eating","Runs From","",40.715415,-73.989567,0,1,1
"305","LOWER MANHATTAN","C","Seward Park",14,"C-14-02","Gray","Cinnamon","","Ground Plane","","","Eating","Indifferent","Bushier and plump, big tail",40.715484,-73.989299,0,1,1
"306","LOWER MANHATTAN","C","Seward Park",14,"C-14-03","Gray","Cinnamon","","Ground Plane","","","Foraging","Runs From","",40.714749,-73.989577,0,1,1
"307","LOWER MANHATTAN","C","Seward Park",14,"C-14-04","Gray","Cinnamon","","Ground Plane","","","Climbing","Approaches","Looking to us for food! Climbed tree when we did not have any to give.",40.71468,-73.989776,0,0,1
"308","LOWER MANHATTAN","C","Seward Park",14,"C-14-05","Gray","Cinnamon","Cinnamon tail","Ground Plane, Above Ground","9","","Climbing, Foraging","Approaches","Skinny tail, lots of digging, found an acorn and is eating",40.714846,-73.989679,1,1,1
"309","LOWER MANHATTAN","C","Seward Park",14,"C-14-06","Gray","Cinnamon","","Ground Plane","","","Running, Chasing","Indifferent","Medium bushy, maybe a little younger, agile, sprightly",40.715033,-73.989609,0,0,1
"310","LOWER MANHATTAN","C","Seward Park",14,"C-14-07","Gray","Cinnamon","","Ground Plane","","","Running, Chasing","Indifferent","Too quick",40.715208,-73.989534,0,0,1
"311","LOWER MANHATTAN","C","Corlears Hook Park",15,"C-15-01","Gray","","","Above Ground","20","","Running, Climbing, Eating","Runs From","Frantically zig-zagging whilst clutching a mid-afternoon snack",40.712159,-73.979415,1,1,0
"312","LOWER MANHATTAN","C","Corlears Hook Park",15,"C-15-02","Gray","","","","","","Eating, Foraging","Indifferent","Digging in leaves carelessly",40.712199,-73.979519,0,1,0
"313","LOWER MANHATTAN","C","Corlears Hook Park",15,"C-15-03","Gray","","","","","","","","Multiple nut dives into the leaves; mostly successful",40.712118,-73.97968,0,0,0
"314","LOWER MANHATTAN","C","Corlears Hook Park",15,"C-15-04","Gray","Cinnamon","","","","","","","Playing tag with #5",40.712179,-73.979776,0,0,0
"315","LOWER MANHATTAN","C","Corlears Hook Park",15,"C-15-05","Gray","Cinnamon","","","","","","","Playing tag with #4",40.712216,-73.979857,0,0,0
"316","LOWER MANHATTAN","C","Corlears Hook Park",15,"C-15-06","Gray","","","Above Ground","15","","Ear scratching","","",40.712224,-73.979669,1,0,0
"317","LOWER MANHATTAN","C","Corlears Hook Park",15,"C-15-07","Gray","","","Above Ground","25","","","","",40.71224,-73.979744,1,0,0
"318","LOWER MANHATTAN","C","Corlears Hook Park",15,"C-15-08","Gray","","","","","","Frolicking","","Leaping from branch to branch",40.711927,-73.979658,0,0,0
"319","LOWER MANHATTAN","C","Corlears Hook Park",15,"C-15-09","Gray","Cinnamon","","Above Ground","8","","Running, Climbing, Scratching","","Meandering among the branches",40.711866,-73.97976,1,0,0
"320","LOWER MANHATTAN","C","Corlears Hook Park",15,"C-15-10","Gray","Gray","","Above Ground","8","","Running, Climbing","Approaches","Came by to make sure we had proper Sighter buttons, looks like a Gerald",40.71174,-73.980539,1,0,0
"321","LOWER MANHATTAN","C","Corlears Hook Park",15,"C-15-11","Gray","White","","Specific Location","","Handrail","Posing","Approaches","Timidly approached but ran from a passing pooch",40.711442,-73.978354,0,0,0
"322","LOWER MANHATTAN","C","Corlears Hook Park",15,"C-15-12","Gray","","","Above Ground","15","","Guarding","Defensive","Very upset that we spotted him accessing his tree-hole stash",40.711316,-73.978343,1,0,0
"323","LOWER MANHATTAN","C","Corlears Hook Park",15,"C-15-13","Gray","Black","","Ground Plane, Above Ground","30","","Running, Chasing, Climbing","","#13, #14 & #15: Scattering and teasing a Shih Tzu that chased them, runs from dog",40.711417,73.977767,1,0,0
"324","LOWER MANHATTAN","C","Corlears Hook Park",15,"C-15-14","Gray","Black","","Ground Plane, Above Ground","30","","Running, Chasing, Climbing","","#13, #14 & #15: Scattering and teasing a Shih Tzu that chased them, runs from dog",40.711421,-73.977692,1,0,0
"325","LOWER MANHATTAN","C","Corlears Hook Park",15,"C-15-15","Gray","Black","","Ground Plane, Above Ground","30","","Running, Chasing, Climbing","","#13, #14 & #15: Scattering and teasing a Shih Tzu that chased them, runs from dog",40.711409,-73.977719,1,0,0
"326","LOWER MANHATTAN","C","Corlears Hook Park",15,"C-15-16","Cinnamon","","","Above Ground","20‰ÛÒ30","","Foraging","Indifferent","So curious! A unique color and thirst for the unknown.",40.711303,-73.97759,1,1,0
"327","LOWER MANHATTAN","C","Columbus Park",16,"C-16-01","Gray","Cinnamon","Cinnamon streak down back","Ground Plane","","","Climbing, Eating, Foraging","Approaches","Boy, Alert ‰ÛÓ lots of basketball close by",40.714867,-74.000236,0,1,1
"328","LOWER MANHATTAN","C","Columbus Park",16,"C-16-02","Gray","Cinnamon","","Ground Plane","","","Running, Foraging","","",40.7159,-74.000167,0,1,1
"329","LOWER MANHATTAN","C","Columbus Park",16,"C-16-03","Gray","","","Above Ground","25","","","Indifferent","Nibbling on branches",40.714875,-74.000346,1,0,1
"330","LOWER MANHATTAN","C","Columbus Park",16,"C-16-04","Gray","","","Above Ground","35","","Climbing","Approaches","Patchy ‰ÛÓåÊbald spots",40.715779,-73.999887,1,0,1
"331","LOWER MANHATTAN","C","Teardrop Park",18,"C-18-01","Gray","Cinnamon","","Ground Plane","","","Running, Eating (or pretending to eat)","Runs From","Ran up tree and down tree, tail vibration ‰ÛÓ not a flag or twitch, kuk sound",40.716335,-74.015612,0,1,0
"332","LOWER MANHATTAN","C","City Hall Park",19,"C-19-01","Gray","White","","Ground Plane","","","Foraging","","",40.712828,-74.005072,0,1,0
"333","LOWER MANHATTAN","C","City Hall Park",19,"C-19-02","Gray","","","Above Ground","","","Climbing","","Chasing #3 up the tree",40.712938,-74.005152,1,0,0
"334","LOWER MANHATTAN","C","City Hall Park",19,"C-19-03","Gray","","","Above Ground","","","Climbing","","Chasing #2 up the tree",40.712938,-74.005152,1,0,0
"335","LOWER MANHATTAN","C","City Hall Park",19,"C-19-04","Gray","Cinnamon, White","","Ground Plane","","","Eating, Burying","Approaches","Very chubby cinnamon squirrel got peanuts from humans and buried them in leaves",40.712893,-74.005233,0,1,0
"336","LOWER MANHATTAN","C","City Hall Park",19,"C-19-05","Gray","Cinnamon, White","","Ground Plane","","","Eating, Burying","Approaches","Couldn't find a good spot to bury theirs (peanuts from humans)",40.712893,-74.005233,0,1,0
"337","LOWER MANHATTAN","C","City Hall Park",19,"C-19-06","Gray","Cinnamon","","Ground Plane","","","Eating","Approaches","Being fed by people",40.712922,-74.005147,0,1,0
"338","LOWER MANHATTAN","C","City Hall Park",19,"C-19-07","Gray","Cinnamon","","Ground Plane","","","Eating","Approaches","Being fed by people",40.712922,-74.005147,0,1,0
"339","LOWER MANHATTAN","C","City Hall Park",19,"C-19-08","Gray","White","Very distinct white outlines on ears and ring around tail","Ground Plane","","","Eating","Approaches","Came out to get peanut from human",40.713044,-74.005404,0,1,0
"340","LOWER MANHATTAN","C","City Hall Park",19,"C-19-09","Gray","Gray","","Above Ground","5","","Climbing, Foraging","Indifferent, Runs From","Perched in a bush, watched us and scampered off to eat - very little squirrel",40.712836,-74.005662,1,1,0
"341","LOWER MANHATTAN","C","City Hall Park",19,"C-19-10","Gray","White","","Ground Plane, Specific Location","","on City Hall back steps","Running","Indifferent","",40.712881,-74.005823,0,0,0
"342","LOWER MANHATTAN","C","City Hall Park",19,"C-19-11","Gray","Cinnamon, White","","Ground Plane, Specific Location","","by back steps of City Hall","Eating, Foraging","Indifferent","Found something to eat buried in leaves and then looked for more",40.712995,-74.005963,0,1,0
"343","LOWER MANHATTAN","C","City Hall Park",19,"C-19-12","Gray","White","","Ground Plane","","","Very carefully watching a cat","Indifferent","",40.713044,-74.006242,0,0,0
"344","LOWER MANHATTAN","C","City Hall Park",19,"C-19-13","Gray","","","Above Ground","30","","Chattering","Indifferent","High up in a tree, lots of talking",40.713276,-74.006323,1,0,0
"345","LOWER MANHATTAN","C","City Hall Park",19,"C-19-14","Gray","White","","Ground Plane","","","Eating (nuts), Foraging","Approaches, Runs From","",40.713339,-74.006313,0,1,0
"346","LOWER MANHATTAN","C","City Hall Park",19,"C-19-15","Gray","White","","Ground Plane","","","Running","","Very active, darting around",40.713518,-74.006308,0,0,0
"347","LOWER MANHATTAN","C","City Hall Park",19,"C-19-16","Gray","White","Lots of white!","Above Ground","3","","Climbing, Foraging","Watching","Perched on knot of tree, watching us, then started foraging",40.71312,-74.006862,1,1,0
"348","LOWER MANHATTAN","C","City Hall Park",19,"C-19-17","Gray","White","","Ground Plane","","","Eating, Foraging","Indifferent","Successfully finding buried food",40.712872,-74.006878,0,1,0
"349","LOWER MANHATTAN","C","City Hall Park",19,"C-19-18","Gray","White","","Ground Plane","","","Eating, Foraging","Indifferent","Rolling around in loose dirt with a ""swimming"" motion",40.712872,-74.006878,0,1,0
"350","LOWER MANHATTAN","C","Battery Park",20,"C-20-01","Gray","Cinnamon","","Above Ground","5","","","Interested in","#1‰ÛÒ5 all together being fed by humans",40.704053,-74.01612,1,0,0
"351","LOWER MANHATTAN","C","Battery Park",20,"C-20-02","Gray","Cinnamon, White","","Specific Location","","on fencing","Climbing, Balancing on fencing","","#1‰ÛÒ5 all together being fed by humans - Hungry",40.704011,-74.016134,0,0,0
"352","LOWER MANHATTAN","C","Battery Park",20,"C-20-03","Gray","Cinnamon, White","","Ground Plane","","","","Indifferent","#1‰ÛÒ5 all together being fed by humans, Had a ton of leaves in his mouth for several minutes",40.703897,-74.016118,0,0,0
"353","LOWER MANHATTAN","C","Battery Park",20,"C-20-04","","","","Ground Plane","","","","Cautious of","#1‰ÛÒ5 all together being fed by humans",40.703885,-74.016161,0,0,0
"354","LOWER MANHATTAN","C","Battery Park",20,"C-20-05","Gray","Cinnamon, White","","Specific Location","","on fencing","","","#1‰ÛÒ5 all together being fed by humans",40.703848,-74.016134,0,0,0
"355","LOWER MANHATTAN","C","Battery Park",20,"C-20-06","Cinnamon","Gray, White","","Ground Plane","","","Chillin', Rubbing butt on ground","","Seems left out",40.703882,-74.015955,0,0,0
"356","LOWER MANHATTAN","C","Battery Park",20,"C-20-07","Cinnamon","White","","Ground Plane","","","Running","Runs From","",40.704211,-74.015859,0,0,0
"357","LOWER MANHATTAN","C","Battery Park",20,"C-20-08","Gray","White","","Ground Plane","","","Foraging","","Obviously a couple with #9",40.704142,-74.015837,0,1,0
"358","LOWER MANHATTAN","C","Battery Park",20,"C-20-09","Gray","White","","Ground Plane","","","Foraging","","Obviously a couple with #8",40.704175,-74.015306,0,1,0
"359","LOWER MANHATTAN","C","Battery Park",20,"C-20-10","Gray","Cinnamon, White","","Ground Plane","","","Running","Indifferent","Skinny with tiny ears",40.704171,-74.015242,0,0,0
"360","LOWER MANHATTAN","C","Battery Park",20,"C-20-11","Gray","White","","Ground Plane","","","Foraging","Indifferent","",40.704468,-74.014774,0,1,0
"361","LOWER MANHATTAN","C","Battery Park",20,"C-20-12","Gray","White","","Ground Plane","","","Foraging","Indifferent","",40.704453,-74.014757,0,1,0
"362","LOWER MANHATTAN","C","Battery Park",20,"C-20-13","Gray","White","","Ground Plane","","","Eating","Indifferent","",40.70442,-74.014741,0,1,0
"363","LOWER MANHATTAN","C","Battery Park",20,"C-20-14","Gray","Cinnamon","","Above Ground, Specific Location","10","in tree","Sticking out of a tree","Indifferent","",40.704188,-74.014853,1,0,0
"364","LOWER MANHATTAN","C","Battery Park",20,"C-20-15","Gray","White","White bellies","","","","Chasing","","Flirty, chasing #16, also eating urban farm debris",40.70352,-74.015273,0,0,0
"365","LOWER MANHATTAN","C","Battery Park",20,"C-20-16","Gray","White","White bellies","","","","Chasing","","Flirty, being chased by #15, also eating urban farm debris",40.703487,-74.015278,0,0,0
"366","LOWER MANHATTAN","C","Battery Park",20,"C-20-17","Gray","White","","","","","Hangin' with #13 & #14","","",40.703989,-74.015202,0,0,0
"367","LOWER MANHATTAN","C","Battery Park",20,"C-20-18","Gray","","","Ground Plane","","","","","Looks like he has a patch of fur missing on his back",40.703383,-74.015584,0,0,0
"368","LOWER MANHATTAN","C","Battery Park",20,"C-20-19","Gray","Cinnamon","","Above Ground","2","","Climbing (tree)","","",40.70295,-74.015813,1,0,0
"369","LOWER MANHATTAN","C","Battery Park",20,"C-20-20","Cinnamon","","","Ground Plane","","","","","",40.702934,-74.015775,0,0,0
"370","LOWER MANHATTAN","C","Battery Park",20,"C-20-21","Gray","White","","Above Ground, Specific Location","20","in a tree","Snacking in a tree","","",40.702922,-74.016629,1,0,0
"371","LOWER MANHATTAN","C","Battery Park",20,"C-20-22","Cinnamon","","","Specific Location","","on a bench","","","",40.702411,-74.015896,0,0,0
"372","LOWER MANHATTAN","C","Battery Park",20,"C-20-23","Gray","","","","","","Prancing about","","",40.702313,-74.015644,0,0,0
"373","LOWER MANHATTAN","C","Battery Park",20,"C-20-24","Gray","Cinnamon","","Specific Location","","on fence","Climbing fence","","",40.702467,-74.015757,0,0,0
"374","LOWER MANHATTAN","C","Battery Park",20,"C-20-25","Gray","Cinnamon","","Above Ground, Specific Location","15","in a tree","","","",40.702597,-74.016132,1,0,0
"375","LOWER MANHATTAN","C","Battery Park",20,"C-20-26","Gray","Cinnamon","","Specific Location","","on fence","Climbing fence","","",40.702618,-74.016556,0,0,0
"376","BROOKLYN","D","Msgr. McGolrick Park",21,"D-21-01","Gray","Cinnamon","","Above Ground","10‰ÛÒ12","","battery","Staring","Looks cold, not moving, lethargic",40.725308,-73.942789,1,0,0
"377","BROOKLYN","D","Msgr. McGolrick Park",21,"D-21-02","Gray","Cinnamon","White underbelly","Above Ground","< 1","","Climbing, Foraging, Self-cleaning","Indifferent","",40.725511,-73.943609,1,1,0
"378","BROOKLYN","D","Msgr. McGolrick Park",21,"D-21-03","Gray","Cinnamon","","Ground Plane","","","Chasing","Approaches","",40.725511,-73.943448,0,0,0
"379","BROOKLYN","D","Msgr. McGolrick Park",21,"D-21-04","Gray","","","Above Ground","15","","Climbing","","",40.725478,-73.944113,1,0,0
"380","BROOKLYN","D","Msgr. McGolrick Park",21,"D-21-05","Gray","","","Above Ground","30","","Eating","","",40.725527,-73.943974,1,1,0
"381","BROOKLYN","D","Msgr. McGolrick Park",21,"D-21-06","Gray","Cinnamon","","Ground Plane","","","Eating","Approaches","We fed him!",40.725397,-73.944124,0,1,0
"382","BROOKLYN","D","Msgr. McGolrick Park",21,"D-21-07","Gray","","","Above Ground","30","","Climbing","","",40.725413,-73.943984,1,0,0
"383","BROOKLYN","D","Msgr. McGolrick Park",21,"D-21-08","Gray","","","Ground Plane","","","Climbing (down)","","",40.724755,-73.944006,0,0,0
"384","BROOKLYN","D","Msgr. McGolrick Park",21,"D-21-09","Gray","","","Ground Plane","","","Climbing (down)","","",40.723974,-73.943845,0,0,0
"385","BROOKLYN","D","Msgr. McGolrick Park",21,"D-21-10","Gray","","","Ground Plane","","","Climbing (down)","","",40.723462,-73.943952,0,0,0
"386","BROOKLYN","D","Msgr. McGolrick Park",21,"D-21-11","Gray","","","Ground Plane","","","Climbing (down)","","",40.725372,-73.943652,0,0,0
"387","BROOKLYN","D","Msgr. McGolrick Park",21,"D-21-12","Gray","White","","Above Ground, Specific Location","15","by playground","Sitting","Indifferent","",40.725364,-73.943512,1,0,0
"388","BROOKLYN","D","Msgr. McGolrick Park",21,"D-21-13","Gray","Gray","","Ground Plane","","at Nassau (Avenue) / Henry (Street) ","Running","Runs From","",40.725397,-73.943297,0,0,0
"389","BROOKLYN","D","Msgr. McGolrick Park",21,"D-21-14","Gray","Cinnamon","","Ground Plane","","","Running","Indifferent","",40.725197,-73.943273,0,0,0
"390","BROOKLYN","D","McCarren Park",22,"D-22-01","Cinnamon","White","","Ground Plane","","","Eating","Indifferent","",40.72167,-73.953364,0,1,1
"391","BROOKLYN","D","McCarren Park",22,"D-22-02","Gray","White","","Ground Plane","","","Eating","Approaches","",40.721768,-73.953192,0,1,1
"392","BROOKLYN","D","McCarren Park",22,"D-22-03","Gray","White","","Ground Plane","","","Running","Runs From","Ran in from baseball field",40.721662,-73.953278,0,0,1
"393","BROOKLYN","D","McCarren Park",22,"D-22-04","Gray","Cinnamon","","Above Ground","","","Climbing","Runs From","",40.721857,-73.953139,1,0,1
"394","BROOKLYN","D","McCarren Park",22,"D-22-05","Cinnamon","","","Ground Plane","","","Running","Approaches","Running around",40.721941,-73.952947,0,0,1
"395","BROOKLYN","D","McCarren Park",22,"D-22-06","Cinnamon","","","Above Ground","","","Climbing","Approaches","Perched up ‰ÛÓ came close to us!",40.722039,-73.952796,1,0,1
"396","BROOKLYN","D","McCarren Park",22,"D-22-07","Cinnamon","","","Ground Plane","","","Chasing","Approaches","Skinny tail ‰ÛÓ was in the baseball field",40.72147,-73.952857,0,0,1
"397","BROOKLYN","D","McCarren Park",22,"D-22-08","Cinnamon","White","","Ground Plane","","","Running","Runs From","",40.721713,-73.95305,0,0,1
"398","BROOKLYN","D","McCarren Park",22,"D-22-09","Gray","Gray","","Ground Plane, Specific Location","","In a trash and metal heap next to baseball field","Eating, Foraging","Indifferent","",40.721933,-73.953147,0,1,1
"399","BROOKLYN","D","McCarren Park",22,"D-22-10","Gray","Cinnamon, White","","Above Ground, Specific Location","12","in tree","Climbing","Runs From","Ran up a tree",40.722283,-73.953115,1,0,1
"400","BROOKLYN","D","McCarren Park",22,"D-22-11","Gray","Gray","","Ground Plane","","","Running","Runs From","Ran out of park",40.722698,-73.953198,0,0,1
"401","BROOKLYN","D","McCarren Park",22,"D-22-12","Gray","White","","Ground Plane","","","Eating, Foraging","Indifferent","Birds walking nearby",40.722819,-73.952095,0,1,1
"402","BROOKLYN","D","McCarren Park",22,"D-22-13","Gray","White","","Above Ground","","","Climbing","Indifferent","Ran from ground to tree",40.722966,-73.951987,1,0,1
"403","BROOKLYN","D","McCarren Park",22,"D-22-14","Cinnamon","White","","Above Ground, Specific Location","3","in short tree","Climbing, Sitting in short tree","Indifferent","",40.723136,-73.951794,1,0,1
"404","BROOKLYN","D","McCarren Park",22,"D-22-15","Gray","White","","Above Ground, Specific Location","","in tree","Eating","Indifferent","",40.723071,-73.951697,1,1,1
"405","BROOKLYN","D","McCarren Park",22,"D-22-16","Cinnamon","Gray","","Ground Plane, Specific Location","","below park benches","Foraging, Jumping","Indifferent","Great jumper",40.723006,-73.951655,0,1,1
"406","BROOKLYN","D","McCarren Park",22,"D-22-17","Gray","Cinnamon, White","","Above Ground","9","","Chilling","Indifferent","Perched on branch, just hanging out",40.722962,-73.951752,1,0,1
"407","BROOKLYN","D","McCarren Park",22,"D-22-18","Cinnamon","Cinnamon","","Above Ground","14","","Hanging","Indifferent","Perched on branch",40.722603,-73.951449,1,0,1
"408","BROOKLYN","D","McCarren Park",22,"D-22-19","Cinnamon","Gray, White","","Above Ground","20","","Running, Climbing","","Very small, climbed from one tree to another",40.721247,-73.951609,1,0,1
"409","BROOKLYN","D","McCarren Park",22,"D-22-20","Gray","Cinnamon, White","","Above Ground","75","","Climbing","Indifferent","Small, on tree on branch, two others below it",40.720606,-73.952769,1,0,1
"410","BROOKLYN","D","McCarren Park",22,"D-22-21","Gray","Cinnamon, White","","Above Ground","15","","Chasing, Climbing","Indifferent","Started in middle of tree, started chasing others up in branches, jumped from branch to branch",40.720582,-73.952694,1,0,1
"411","BROOKLYN","D","McCarren Park",22,"D-22-22","Gray","Cinnamon, White","","Above Ground","20","","Climbing","Indifferent","One of three together on a tree",40.720533,-73.95272,1,0,1
"412","BROOKLYN","D","McCarren Park",22,"D-22-23","Gray","White","","Above Ground","20","","Climbing","Indifferent","Jumped from one tree to next",40.720488,-73.952806,1,0,1
"413","BROOKLYN","D","McCarren Park",22,"D-22-24","Gray","White","","Ground Plane","","","Eating, Foraging","Indifferent","Dog chased it up a tree",40.720458,-73.954244,0,1,1
"414","BROOKLYN","D","McCarren Park",22,"D-22-25","Gray","Cinnamon, White","","Ground Plane","","","Foraging","Skittish to humans","",40.720018,-73.953442,0,1,1
"415","BROOKLYN","D","McCarren Park",22,"D-22-26","Gray","White","","Ground Plane","","","Running, Foraging","Indifferent","Fast",40.720026,-73.953652,0,1,1
"416","BROOKLYN","D","McCarren Park",22,"D-22-27","Gray","Cinnamon","","Ground Plane","","","Eating (bread crumbs), Foraging","Indifferent","Near a lot of little birds",40.719777,-73.952774,0,1,1
"417","BROOKLYN","D","McCarren Park",22,"D-22-28","Gray","White","","Ground Plane","","","Running","Indifferent","Running against fence",40.720114,-73.952768,0,0,1
"418","BROOKLYN","D","McCarren Park",22,"D-22-29","Gray","Cinnamon, White","","Ground Plane","","","Hanging out","Runs From","Standing at base of tree, then climbed up",40.719944,-73.952505,0,0,1
"419","BROOKLYN","D","McCarren Park",22,"D-22-30","Gray","White","","Ground Plane","","","Foraging","Indifferent","",40.720448,-73.952521,0,1,1
"420","BROOKLYN","D","McCarren Park",22,"D-22-31","Cinnamon","White","","Ground Plane","","","Foraging","Indifferent","Walking around bushes",40.720412,-73.952353,0,1,1
"421","BROOKLYN","D","McCarren Park",22,"D-22-32","Gray","Cinnamon, White","","Ground Plane","","","Foraging","Indifferent","A little on the robust side",40.720372,-73.952326,0,1,1
"422","BROOKLYN","D","McCarren Park",22,"D-22-33","Gray","Cinnamon","","Ground Plane","","","Foraging","Indifferent","Busy digging for something",40.720749,-73.951891,0,1,1
"423","BROOKLYN","D","McCarren Park",22,"D-22-34","Cinnamon","Cinnamon","","Above Ground","15","","Sleeping (Dead?)","Indifferent","It almost looks dead. Eyes open, curled up into itself in a nook in a tree with #35.",40.721181,-73.951255,1,0,1
"424","BROOKLYN","D","McCarren Park",22,"D-22-35","Cinnamon","Cinnamon","","Above Ground","15","","Sleeping (Dead?)","","Curled up together with #34. One big furry ball of squirrel.",40.721181,-73.951255,1,0,1
"425","BROOKLYN","D","McCarren Park",22,"D-22-36","Cinnamon","Gray, Cinnamon","Reddish tail","Ground Plane","","","Eating (tortilla/chip)","","Pretty fat",40.72112,-73.95104,0,1,1
"426","BROOKLYN","D","McCarren Park",22,"D-22-37","Gray","Gray","","Ground Plane","","","Running","Indifferent","Turning around, trying to eat",40.721315,-73.950943,0,0,1
"427","BROOKLYN","D","McCarren Park",22,"D-22-38","Gray","Cinnamon, White","","Ground Plane","","","Eating","","Sitting next to #39 and eating",40.721258,-73.950799,0,1,1
"428","BROOKLYN","D","McCarren Park",22,"D-22-39","Gray","Cinnamon, White","","Ground Plane","","","Eating","","Sitting next to #38 and eating",40.721217,-73.95077,0,1,1
"429","BROOKLYN","D","McCarren Park",22,"D-22-40","Cinnamon","White","","Ground Plane","","","Foraging","Indifferent","Fluffy",40.721173,-73.950781,0,1,1
"430","BROOKLYN","D","McCarren Park",22,"D-22-41","Cinnamon","Cinnamon","","Above Ground","","","Running, Foraging","Indifferent","Skinny",40.721161,-73.950732,1,1,1
"431","BROOKLYN","D","McCarren Park",22,"D-22-42","Gray","Gray","","Above Ground","","","Climbing","Indifferent","Clinging to tree",40.721124,-73.950797,1,0,1
"432","BROOKLYN","D","McCarren Park",22,"D-22-43","Gray","White","","Above Ground","10","","Running, Chasing, Climbing","Indifferent","Playing with another squirrel in a tree",40.721026,-73.950765,1,0,1
"433","BROOKLYN","D","McCarren Park",22,"D-22-44","Gray","Cinnamon, White","","Ground Plane","","","Foraging","Runs From","Ran very quickly",40.719376,-73.952326,0,1,1
